name,pos,proj,high,low
Buffalo Bills,DST,116.7,203.1,104.9
Denver Broncos,DST,116.4,199.6,20.0
Philadelphia Eagles,DST,115.5,247.1,100.0
Houston Texans,DST,115.1,164.5,19.0
Baltimore Ravens,DST,114.6,229.3,15.0
Dallas Cowboys,DST,111.8,169.2,81.5
Pittsburgh Steelers,DST,110.5,161.2,102.0
Green Bay Packers,DST,108.7,203.2,84.5
Minnesota Vikings,DST,108.6,215.9,14.0
New York Giants,DST,108.3,169.3,92.0
Detroit Lions,DST,104.8,154.5,96.0
Los Angeles Rams,DST,103.8,153.0,87.2
Los Angeles Chargers,DST,103.6,191.6,71.0
San Francisco 49ers,DST,103.2,150.0,75.0
Tampa Bay Buccaneers,DST,102.7,142.7,99.0
Washington Commanders,DST,102.4,158.8,59.7
Kansas City Chiefs,DST,102.2,178.9,95.4
Chicago Bears,DST,100.9,153.7,92.3
Seattle Seahawks,DST,100.9,179.0,96.0
Indianapolis Colts,DST,100.6,140.2,90.0
Cleveland Browns,DST,98.7,149.0,70.0
New York Jets,DST,98.0,183.4,91.0
Arizona Cardinals,DST,97.2,150.2,79.0
Cincinnati Bengals,DST,96.2,142.7,58.4
Las Vegas Raiders,DST,93.2,137.1,54.7
Miami Dolphins,DST,93.0,131.0,77.6
Atlanta Falcons,DST,92.1,130.0,72.0
Jacksonville Jaguars,DST,91.1,128.5,79.0
New Orleans Saints,DST,90.2,171.2,61.0
Tennessee Titans,DST,89.6,138.7,71.0
New England Patriots,DST,85.3,127.3,79.0
Carolina Panthers,DST,83.0,129.4,49.6
Brandon Aubrey,K,141.6,157.0,140.0
Matt Gay,K,137.1,146.0,134.0
Chase McLaughlin,K,136.4,146.3,136.0
Jake Elliott,K,134.1,141.1,134.0
Jason Sanders,K,133.9,144.0,125.0
Tyler Bass,K,132.2,143.0,126.0
Cameron Dicker,K,131.2,143.7,131.0
Tyler Loop,K,129.6,140.0,30.0
Evan McPherson,K,129.5,138.0,127.0
Jake Bates,K,129.0,144.8,32.0
Ka'imi Fairbairn,K,128.4,137.1,128.0
Harrison Butker,K,128.3,138.9,122.0
Brandon McManus,K,126.8,138.0,123.0
Younghoe Koo,K,126.2,138.0,122.0
Chris Boswell,K,126.0,138.2,123.0
Wil Lutz,K,124.7,134.7,25.0
Joshua Karty,K,124.6,137.3,120.0
Will Reichard,K,124.0,133.0,113.0
Jake Moody,K,123.5,132.0,25.0
Chad Ryland,K,122.6,134.0,115.0
Spencer Shrader,K,120.9,139.0,102.0
Daniel Carlson,K,120.3,130.1,21.0
Cam Little,K,118.4,134.1,115.0
Jason Myers,K,116.2,135.0,112.0
Cairo Santos,K,116.0,139.6,107.0
Ryan Fitzgerald,K,115.5,126.4,26.4
Nick Folk,K,111.8,134.8,105.0
Blake Grupe,K,111.0,125.9,104.0
Joey Slye,K,108.8,124.9,104.0
Andy Borregales,K,106.6,127.6,102.0
Graham Gano,K,105.5,124.5,100.0
Dustin Hopkins,K,93.2,118.7,84.0
Matthew Wright,K,65.5,111.0,0.0
Josh Allen,QB,376.9,445.0,341.5
Lamar Jackson,QB,374.1,445.0,352.0
Jalen Hurts,QB,358.7,405.0,340.5
Jayden Daniels,QB,354.9,401.0,336.5
Joe Burrow,QB,342.2,416.0,312.5
Patrick Mahomes II,QB,328.9,366.6,314.4
Baker Mayfield,QB,318.9,373.0,297.9
Kyler Murray,QB,317.1,361.0,297.7
Brock Purdy,QB,311.1,349.0,297.7
Bo Nix,QB,308.8,341.8,294.5
Justin Fields,QB,299.9,341.8,279.0
J.J. McCarthy,QB,292.6,332.4,281.6
Dak Prescott,QB,291.7,344.0,275.1
Justin Herbert,QB,291.4,333.5,276.6
Caleb Williams,QB,288.3,339.0,280.4
Jared Goff,QB,286.5,337.3,260.5
C.J. Stroud,QB,280.5,313.1,272.2
Jordan Love,QB,278.2,313.0,258.9
Drake Maye,QB,276.5,315.0,260.2
Trevor Lawrence,QB,275.5,316.5,271.4
Bryce Young,QB,263.5,308.2,248.6
Michael Penix Jr.,QB,263.2,313.3,238.2
Tua Tagovailoa,QB,262.3,299.0,248.6
Matthew Stafford,QB,262.0,292.5,241.7
Geno Smith,QB,261.6,307.4,241.5
Cam Ward,QB,254.8,290.3,242.4
Sam Darnold,QB,254.4,311.5,218.9
Aaron Rodgers,QB,236.9,284.8,225.2
Daniel Jones,QB,229.2,321.0,164.6
Russell Wilson,QB,195.5,262.4,119.8
Tyler Shough,QB,183.3,263.2,150.4
Joe Flacco,QB,150.7,247.7,102.7
Spencer Rattler,QB,82.8,97.5,72.0
Anthony Richardson Sr.,QB,58.4,126.7,7.0
Jaxson Dart,QB,56.7,131.2,6.0
Dillon Gabriel,QB,47.8,100.5,6.0
Shedeur Sanders,QB,37.9,72.4,6.0
Jalen Milroe,QB,23.0,37.0,0.0
Mason Rudolph,QB,18.8,40.6,2.2
Kenny Pickett,QB,18.2,40.8,0.0
Jimmy Garoppolo,QB,16.5,23.0,2.7
Jameis Winston,QB,16.4,31.8,0.0
Malik Willis,QB,16.2,38.9,2.4
Marcus Mariota,QB,13.1,25.9,2.7
Mac Jones,QB,12.2,26.9,2.1
Joshua Dobbs,QB,12.1,26.2,2.1
Tyrod Taylor,QB,11.9,24.1,2.1
Zach Wilson,QB,11.8,23.5,2.4
Jake Browning,QB,11.2,15.0,2.9
Aidan O'Connell,QB,11.0,24.5,2.2
Sam Howell,QB,10.5,15.8,2.6
Jacoby Brissett,QB,10.5,18.3,2.2
Gardner Minshew II,QB,10.1,21.2,2.7
Joe Milton III,QB,9.7,12.5,2.6
Hendon Hooker,QB,9.2,11.9,2.2
Mitchell Trubisky,QB,9.0,11.0,2.1
Jarrett Stidham,QB,8.8,11.2,2.4
Nick Mullens,QB,8.8,11.8,2.4
Cooper Rush,QB,8.7,10.9,2.3
Davis Mills,QB,8.6,10.7,2.2
Tyson Bagent,QB,8.4,12.1,0.0
Tanner McKee,QB,8.4,11.8,2.1
Drew Lock,QB,8.3,10.8,2.2
Andy Dalton,QB,8.2,10.9,2.3
Brandon Allen,QB,7.8,10.6,2.0
Kyle Trask,QB,7.5,10.9,2.5
Quinn Ewers,QB,7.4,8.0,0.0
Kirk Cousins,QB,7.3,11.4,2.4
Trey Lance,QB,7.0,12.6,0.0
Deshaun Watson,QB,6.7,12.3,0.0
Case Keenum,QB,6.3,8.0,2.1
Jake Haener,QB,5.4,7.0,0.0
Josh Johnson,QB,5.0,8.0,0.0
Cam Miller,QB,4.8,8.0,0.0
Graham Mertz,QB,4.8,8.0,0.0
Kyle McCord,QB,4.8,8.0,0.0
Will Howard,QB,4.7,8.0,0.0
Clayton Tune,QB,2.9,5.0,0.0
Saquon Barkley,RB,273.7,303.2,262.0
Bijan Robinson,RB,264.4,309.4,243.0
Jahmyr Gibbs,RB,258.7,303.5,248.0
Derrick Henry,RB,252.3,265.5,238.9
Christian McCaffrey,RB,232.2,297.2,203.0
Jonathan Taylor,RB,230.1,255.5,210.0
Josh Jacobs,RB,229.2,258.0,226.1
Ashton Jeanty,RB,218.5,269.7,199.0
Kyren Williams,RB,217.9,243.7,214.0
De'Von Achane,RB,215.2,267.8,175.0
Bucky Irving,RB,206.3,238.5,195.0
James Cook,RB,201.6,231.9,187.0
Chase Brown,RB,201.4,232.6,183.0
James Conner,RB,185.2,219.3,170.0
Kenneth Walker III,RB,183.3,215.4,169.0
Chuba Hubbard,RB,182.2,212.8,159.0
Omarion Hampton,RB,181.2,225.1,139.0
Breece Hall,RB,180.6,216.6,166.0
Alvin Kamara,RB,180.4,228.0,173.2
David Montgomery,RB,166.7,181.6,153.0
D'Andre Swift,RB,166.5,189.4,155.0
TreVeyon Henderson,RB,160.1,202.2,150.9
Tony Pollard,RB,160.0,200.8,133.0
Aaron Jones Sr.,RB,157.9,188.3,150.0
Isiah Pacheco,RB,145.0,183.4,95.0
RJ Harvey,RB,144.5,199.5,125.8
Joe Mixon,RB,143.1,166.9,132.2
Kaleb Johnson,RB,141.8,179.5,115.0
Tyrone Tracy Jr.,RB,139.8,166.9,114.0
Jaylen Warren,RB,129.0,183.0,85.0
Quinshon Judkins,RB,126.4,141.8,100.0
Jordan Mason,RB,117.9,142.0,109.0
Austin Ekeler,RB,117.7,172.8,92.0
J.K. Dobbins,RB,116.8,162.5,93.0
Travis Etienne Jr.,RB,116.5,160.7,93.0
Rhamondre Stevenson,RB,113.8,145.1,94.1
Javonte Williams,RB,112.5,145.6,76.0
Zach Charbonnet,RB,109.6,146.6,87.0
Tank Bigsby,RB,102.8,125.5,83.4
Jacory Croskey-Merritt,RB,99.3,132.1,73.5
Tyjae Spears,RB,97.8,128.7,77.0
Rachaad White,RB,97.8,116.6,92.0
Najee Harris,RB,97.7,131.1,82.0
Jerome Ford,RB,97.4,165.1,68.0
Cam Skattebo,RB,94.7,128.7,72.0
Trey Benson,RB,90.4,121.3,80.1
Brian Robinson Jr.,RB,90.1,121.6,14.7
Nick Chubb,RB,89.2,102.4,69.7
Jaylen Wright,RB,86.0,116.0,67.0
Tyler Allgeier,RB,84.3,114.8,69.0
Jaydon Blue,RB,84.0,122.3,63.3
Dylan Sampson,RB,83.5,136.3,46.8
Ray Davis,RB,82.6,119.1,58.0
Isaac Guerendo,RB,78.8,86.5,60.4
Braelon Allen,RB,76.5,87.8,70.3
Rico Dowdle,RB,74.2,107.1,62.3
Bhayshul Tuten,RB,72.2,105.9,41.7
Roschon Johnson,RB,71.5,91.2,63.8
MarShawn Lloyd,RB,69.2,96.7,32.7
Kareem Hunt,RB,68.7,90.7,53.0
Miles Sanders,RB,64.4,89.0,51.8
Kendre Miller,RB,63.2,100.0,48.7
Woody Marks,RB,61.7,107.4,50.2
Raheem Mostert,RB,59.4,80.0,36.9
Justice Hill,RB,56.6,86.9,40.6
Blake Corum,RB,54.0,93.0,43.6
Ty Johnson,RB,51.3,69.0,40.3
Keaton Mitchell,RB,49.9,64.0,25.6
Ollie Gordon II,RB,47.9,83.0,24.8
Samaje Perine,RB,44.2,50.4,41.0
Jarquez Hunter,RB,43.8,53.0,22.4
Tahj Brooks,RB,43.7,68.5,17.2
Antonio Gibson,RB,42.6,73.9,8.1
Elijah Mitchell,RB,40.9,55.0,23.0
Kenneth Gainwell,RB,39.8,51.0,23.0
Kyle Monangai,RB,39.3,67.0,13.0
Devin Singletary,RB,39.2,57.4,12.8
Trevor Etienne,RB,38.3,56.0,17.4
Khalil Herbert,RB,36.5,82.6,3.7
Will Shipley,RB,36.3,74.2,13.1
Sean Tucker,RB,36.1,75.0,16.0
Devin Neal,RB,35.9,75.0,14.0
Jaleel McLaughlin,RB,34.3,87.3,11.2
Zamir White,RB,33.5,91.0,0.0
A.J. Dillon,RB,32.7,68.4,9.4
Emanuel Wilson,RB,31.9,68.8,6.5
DJ Giddens,RB,30.3,77.6,13.5
Jordan James,RB,26.0,44.4,14.0
Audric Estime,RB,25.1,54.5,3.6
Isaiah Davis,RB,24.6,30.9,17.0
Chris Rodriguez Jr.,RB,24.1,45.4,0.0
Kyle Juszczyk,RB,24.1,33.0,15.3
Chris Brooks,RB,22.9,25.3,17.0
Clyde Edwards-Helaire,RB,20.3,37.7,7.3
Tyler Goodson,RB,20.1,38.0,1.4
Kimani Vidal,RB,20.1,56.7,4.7
Brashard Smith,RB,19.3,53.7,7.3
Emari Demercado,RB,19.1,26.0,12.0
Pierre Strong Jr.,RB,18.3,43.5,6.0
Ty Chandler,RB,17.7,32.8,6.5
Cam Akers,RB,16.1,47.5,0.0
Kalel Mullings,RB,15.8,27.9,7.8
Damien Martinez,RB,15.8,28.7,6.9
Jeff Wilson Jr.,RB,15.6,47.2,0.0
Dameon Pierce,RB,15.4,44.3,1.0
Rasheen Ali,RB,13.6,25.3,5.4
Jeremy McNichols,RB,13.4,19.0,4.8
Michael Burton,RB,13.0,14.0,6.8
Craig Reynolds,RB,12.3,34.5,5.5
Ronnie Rivers,RB,12.2,34.8,0.0
Travis Homer,RB,12.1,33.6,2.8
Alec Ingold,RB,11.7,17.1,6.5
C.J. Ham,RB,11.3,14.0,4.6
Michael Carter,RB,11.3,35.5,0.0
LeQuint Allen Jr.,RB,10.6,24.9,2.3
Jordan Mims,RB,10.6,22.9,0.0
Raheem Blackshear,RB,10.4,35.6,2.0
Carson Steele,RB,10.2,16.0,4.4
Hassan Haskins,RB,8.6,15.0,0.0
Dare Ogunbowale,RB,8.3,13.9,6.9
Julius Chestnut,RB,8.2,29.1,0.6
Frank Gore Jr.,RB,7.7,17.1,0.0
Patrick Ricard,RB,7.4,12.0,3.7
Deuce Vaughn,RB,7.0,20.9,0.0
Gary Brightwell,RB,6.9,15.8,0.0
Eric Gray,RB,6.0,17.1,0.8
Jashaun Corbin,RB,5.7,7.7,4.7
Hunter Luepke,RB,4.8,9.2,3.8
DeeJay Dallas,RB,4.4,9.9,0.8
Trey Sermon,RB,3.9,11.0,0.0
Zonovan Knight,RB,3.6,9.4,0.0
Elijah Dotson,RB,3.5,9.0,0.0
Velus Jones Jr.,RB,3.4,8.4,0.0
Terrell Jennings,RB,3.3,8.5,0.0
Israel Abanikanda,RB,2.7,6.5,0.0
Jase McClellan,RB,2.4,6.8,0.0
Dylan Laube,RB,2.1,7.2,1.2
Robbie Ouzts,RB,1.9,2.0,0.0
Carlos Washington Jr.,RB,1.9,4.7,0.0
Scott Matlock,RB,1.8,1.9,0.9
Raheim Sanders,RB,1.8,5.6,0.0
Tyler Badie,RB,1.4,3.8,0.0
Phil Mafah,RB,1.4,3.8,0.0
Trayveon Williams,RB,1.4,3.7,0.0
George Holani,RB,1.2,3.4,0.0
D'Ernest Johnson,RB,1.2,3.4,0.0
Avery Williams,RB,1.0,6.6,0.2
Keilan Robinson,RB,0.9,3.8,0.0
Sione Vaki,RB,0.8,2.6,0.0
JaMycal Hasty,RB,0.8,2.5,0.0
Brock Bowers,TE,149.4,246.8,143.0
George Kittle,TE,146.8,207.0,136.5
Trey McBride,TE,139.5,245.4,134.0
Sam LaPorta,TE,116.1,178.2,16.8
Mark Andrews,TE,114.8,163.5,110.2
Travis Kelce,TE,106.2,165.2,102.3
T.J. Hockenson,TE,104.6,178.0,102.0
David Njoku,TE,101.7,159.5,97.0
Tyler Warren,TE,95.3,151.6,95.0
Tucker Kraft,TE,92.5,151.0,90.0
Kyle Pitts Sr.,TE,89.2,136.8,74.0
Dallas Goedert,TE,85.8,143.3,82.7
Zach Ertz,TE,83.8,123.9,83.1
Dalton Kincaid,TE,83.7,143.0,71.0
Evan Engram,TE,83.5,154.0,80.0
Jake Ferguson,TE,82.7,145.2,73.0
Hunter Henry,TE,79.8,131.5,0.0
Colston Loveland,TE,77.4,146.8,63.0
Isaiah Likely,TE,76.7,103.0,74.8
Cade Otton,TE,76.2,110.2,71.0
Brenton Strange,TE,73.8,121.0,73.5
Darren Waller,TE,73.3,117.5,72.4
Jonnu Smith,TE,73.3,129.3,70.3
Mike Gesicki,TE,70.0,126.5,57.0
Dalton Schultz,TE,68.9,104.6,0.5
Chig Okonkwo,TE,68.8,142.1,57.0
Juwan Johnson,TE,67.5,118.5,63.0
Pat Freiermuth,TE,66.2,115.7,66.0
Tyler Higbee,TE,64.3,92.0,61.5
Mason Taylor,TE,63.3,121.5,55.0
Theo Johnson,TE,63.2,109.0,62.0
Elijah Arroyo,TE,58.4,110.5,20.0
Will Dissly,TE,53.0,80.8,40.3
Noah Fant,TE,52.6,70.5,48.6
Ja'Tavion Sanders,TE,51.1,112.2,37.7
Noah Gray,TE,46.7,84.5,39.0
Tyler Conklin,TE,46.2,84.8,23.5
AJ Barner,TE,44.8,75.1,36.0
Cole Kmet,TE,41.9,70.2,23.5
Foster Moreau,TE,36.1,57.0,29.5
Austin Hooper,TE,35.7,53.5,27.1
Dawson Knox,TE,35.3,60.6,16.0
Oronde Gadsden II,TE,34.8,60.2,33.7
Michael Mayer,TE,34.6,69.5,22.0
Harold Fannin Jr.,TE,34.2,80.5,17.0
Terrance Ferguson,TE,34.1,56.6,26.0
Josh Oliver,TE,30.0,47.0,23.4
Tommy Tremble,TE,27.7,33.0,23.5
Luke Musgrave,TE,27.1,41.7,19.7
Brock Wright,TE,26.4,39.0,5.8
Gunnar Helm,TE,26.1,45.0,17.0
Ben Sinnott,TE,24.9,54.9,10.0
Cade Stover,TE,23.3,59.6,10.0
Jeremy Ruckert,TE,22.3,41.9,9.1
Adam Trautman,TE,21.8,31.9,18.0
Charlie Woerner,TE,20.3,45.0,12.1
Luke Schoonmaker,TE,20.2,35.0,13.0
Jelani Woods,TE,19.7,31.0,0.0
Grant Calcaterra,TE,19.0,26.7,11.4
Daniel Bellinger,TE,18.9,36.2,8.5
Payne Durham,TE,18.3,36.8,7.3
Julian Hill,TE,18.2,31.5,14.0
Elijah Higgins,TE,17.4,36.5,7.7
Josh Whyle,TE,16.9,27.1,10.3
Darnell Washington,TE,16.6,32.2,7.8
Johnny Mundt,TE,16.5,28.6,12.0
Connor Heyward,TE,15.7,30.0,2.5
Colby Parkinson,TE,15.7,26.0,8.9
Drew Ogletree,TE,14.7,39.0,2.5
Taysom Hill,TE,13.2,50.0,0.0
Drew Sample,TE,12.8,26.2,8.2
Pharaoh Brown,TE,12.1,36.2,5.4
Nate Adkins,TE,12.0,14.0,2.9
Teagan Quitoriano,TE,11.9,16.0,0.0
Lawrence Cager,TE,11.7,16.0,0.0
Gavin Bartholomew,TE,11.0,11.0,0.9
Brevyn Spann-Ford,TE,10.7,25.5,3.9
Lucas Krull,TE,10.3,24.8,2.7
Quintin Morris,TE,10.3,33.0,0.0
Devin Culp,TE,10.1,21.7,0.0
Charlie Kolar,TE,9.9,12.0,5.4
Tanner McLachlan,TE,9.9,12.0,0.0
Hunter Long,TE,9.8,19.0,2.5
Giovanni Ricci,TE,9.6,12.0,0.0
Brenden Bates,TE,9.4,10.0,2.5
Jaheim Bell,TE,9.4,26.0,2.6
John Bates,TE,9.3,21.4,5.3
Tanner Conner,TE,9.3,10.0,3.0
Blake Whiteheart,TE,9.2,10.0,2.5
Kenny Yeboah,TE,9.0,24.1,0.0
Luke Farrell,TE,9.0,12.0,5.2
Eric Saubert,TE,8.7,14.0,5.2
Luke Lachey,TE,8.6,10.0,0.0
Travis Vokolek,TE,8.5,10.0,0.0
Brayden Willis,TE,8.4,10.0,0.0
Ian Thomas,TE,8.2,13.3,5.2
Mitchell Evans,TE,8.2,12.0,2.6
Stone Smartt,TE,8.2,11.0,2.1
Cam Grandy,TE,8.1,11.0,0.0
Moliki Matavao,TE,8.1,10.0,0.0
Jackson Hawes,TE,8.0,10.0,2.7
Jared Wiley,TE,7.6,11.0,3.0
Greg Dulcich,TE,7.3,13.1,0.0
Durham Smythe,TE,6.7,10.0,4.4
Robert Tonyan,TE,6.3,10.0,0.0
Will Mallory,TE,5.2,10.0,0.0
Mo Alie-Cox,TE,5.2,8.8,4.2
Davis Allen,TE,5.1,14.5,2.9
Tip Reiman,TE,5.0,9.9,0.1
Irv Smith Jr.,TE,5.0,13.7,0.0
Dominique Dafney,TE,4.6,12.7,0.0
Kylen Granson,TE,4.3,12.9,2.1
Tucker Fisk,TE,4.1,7.9,2.7
Tanner Hudson,TE,3.6,8.6,2.7
Erick All Jr.,TE,3.1,8.6,0.0
Zach Davidson,TE,2.9,7.8,0.0
Jack Stoll,TE,2.6,6.0,2.3
David Martin-Robinson,TE,2.6,2.6,0.6
Feleipe Franks,TE,2.5,2.5,0.5
James Mitchell,TE,2.3,6.4,0.0
Chris Manhertz,TE,2.2,3.9,0.5
Nick Vannett,TE,1.0,4.0,0.0
Harrison Bryant,TE,0.6,2.1,0.0
Ja'Marr Chase,WR,232.2,328.3,221.9
Justin Jefferson,WR,202.5,298.3,186.9
CeeDee Lamb,WR,192.2,300.5,172.7
Puka Nacua,WR,186.2,274.2,172.8
Malik Nabers,WR,183.9,274.5,168.3
Nico Collins,WR,183.5,274.1,174.5
Brian Thomas Jr.,WR,182.7,274.3,162.9
Amon-Ra St. Brown,WR,178.9,273.7,173.4
A.J. Brown,WR,172.7,253.0,160.3
Drake London,WR,171.5,268.6,159.7
Tyreek Hill,WR,168.3,268.6,155.0
Mike Evans,WR,165.8,229.3,155.0
Ladd McConkey,WR,163.9,240.1,157.5
Tee Higgins,WR,161.7,233.7,136.9
Davante Adams,WR,159.1,232.0,141.6
Terry McLaurin,WR,158.9,231.7,150.8
DK Metcalf,WR,154.9,234.7,150.8
Marvin Harrison Jr.,WR,153.0,232.8,137.8
Jaxon Smith-Njigba,WR,150.8,220.0,144.0
Xavier Worthy,WR,147.8,207.2,135.0
Zay Flowers,WR,145.8,196.2,133.0
Courtland Sutton,WR,144.4,215.3,132.0
DJ Moore,WR,143.7,216.5,45.0
Jameson Williams,WR,143.2,208.0,135.0
Garrett Wilson,WR,143.0,231.0,127.0
Calvin Ridley,WR,141.7,209.1,127.0
George Pickens,WR,138.7,213.9,132.0
DeVonta Smith,WR,137.6,211.0,134.7
Jerry Jeudy,WR,133.9,206.8,124.0
Deebo Samuel Sr.,WR,131.2,193.5,118.0
Tetairoa McMillan,WR,129.3,217.0,112.0
Jakobi Meyers,WR,128.3,199.7,126.0
Jaylen Waddle,WR,126.6,207.3,109.0
Matthew Golden,WR,124.3,197.3,110.0
Jauan Jennings,WR,121.8,174.5,108.0
Travis Hunter,WR,121.5,195.7,107.5
Rome Odunze,WR,119.8,192.1,104.0
Chris Olave,WR,118.5,205.2,94.0
Keon Coleman,WR,118.5,156.5,108.0
Jayden Reed,WR,118.0,169.3,109.6
Rashid Shaheed,WR,117.7,173.4,102.0
Rashee Rice,WR,117.4,204.7,115.5
Stefon Diggs,WR,117.2,183.6,105.0
Ricky Pearsall,WR,116.1,177.5,16.2
Jordan Addison,WR,115.9,177.7,114.0
Michael Pittman Jr.,WR,112.5,169.0,109.5
Cooper Kupp,WR,112.4,163.4,105.0
Chris Godwin,WR,111.4,132.2,109.0
Emeka Egbuka,WR,110.4,181.4,110.1
Khalil Shakir,WR,110.0,172.6,99.0
Darnell Mooney,WR,109.4,147.8,103.0
Marvin Mims Jr.,WR,106.8,162.9,86.0
Josh Downs,WR,103.7,164.6,102.7
Rashod Bateman,WR,101.8,141.9,90.3
Marquise Brown,WR,94.9,146.0,73.0
Cedric Tillman,WR,92.4,142.8,78.0
Keenan Allen,WR,91.8,125.2,7.0
Adam Thielen,WR,91.0,140.5,4.9
Jayden Higgins,WR,89.6,163.3,72.0
Christian Kirk,WR,89.1,127.2,87.2
Xavier Legette,WR,86.9,123.9,81.0
Romeo Doubs,WR,82.2,114.0,81.0
Wan'Dale Robinson,WR,81.9,139.9,3.2
Joshua Palmer,WR,79.9,147.6,69.8
Brandon Aiyuk,WR,79.7,129.0,75.4
DeMario Douglas,WR,79.0,140.3,9.0
Tyler Lockett,WR,78.4,154.2,65.0
Luther Burden III,WR,78.1,135.7,65.1
Michael Wilson,WR,76.4,122.7,69.3
Alec Pierce,WR,74.6,109.0,46.5
Tre' Harris,WR,73.9,135.6,57.0
Calvin Austin III,WR,73.7,101.0,56.8
Quentin Johnston,WR,70.7,106.0,61.7
Ray-Ray McCloud III,WR,67.9,107.2,64.0
Jack Bech,WR,67.6,91.5,62.2
Dyami Brown,WR,67.0,130.6,45.0
Darius Slayton,WR,66.3,117.5,56.0
Josh Reynolds,WR,65.5,91.4,0.0
Tutu Atwell,WR,65.2,90.8,62.0
Nick Westbrook-Ikhine,WR,64.7,87.8,59.0
DeAndre Hopkins,WR,64.6,87.3,57.0
Kyle Williams,WR,62.1,101.4,45.0
Jalen Tolbert,WR,61.4,85.0,45.9
Jalen Nailor,WR,59.1,84.9,38.2
Tre Tucker,WR,58.1,76.4,51.2
Troy Franklin,WR,57.9,107.8,37.6
Andrei Iosivas,WR,56.8,85.5,45.4
Brandin Cooks,WR,56.8,72.2,53.6
Jordan Whittington,WR,55.6,107.0,37.7
Diontae Johnson,WR,55.4,110.7,20.6
Marquez Valdes-Scantling,WR,54.8,98.9,20.0
Tory Horton,WR,54.3,85.2,27.6
Jalen Coker,WR,53.8,100.3,39.6
Dontayvion Wicks,WR,52.8,90.8,16.4
Noah Brown,WR,51.8,74.0,46.3
Christian Watson,WR,51.6,87.0,31.0
Adonai Mitchell,WR,50.7,80.3,43.0
Pat Bryant,WR,49.9,90.5,42.5
Dont'e Thornton Jr.,WR,49.8,97.6,40.6
Kayshon Boutte,WR,49.4,92.7,31.6
Elic Ayomanor,WR,47.4,100.1,31.9
K.J. Osborn,WR,45.7,59.0,9.0
Curtis Samuel,WR,45.5,62.6,29.2
Allen Lazard,WR,45.2,60.0,36.2
Jaylin Noel,WR,44.7,85.5,35.2
Anthony Miller,WR,43.3,55.4,5.3
Greg Dortch,WR,43.2,83.2,32.4
Van Jefferson,WR,41.0,82.3,31.1
Roman Wilson,WR,40.7,86.7,31.4
Malik Washington,WR,40.4,78.5,35.5
Devaughn Vele,WR,37.9,81.0,34.4
Tim Patrick,WR,37.4,58.2,31.5
Jalen McMillan,WR,36.8,58.7,20.6
KaVontae Turpin,WR,36.5,88.2,10.1
Parker Washington,WR,36.3,70.2,31.5
JuJu Smith-Schuster,WR,36.0,90.5,21.9
Jermaine Burton,WR,35.9,80.6,26.2
Tai Felton,WR,35.7,61.8,22.4
Chimere Dike,WR,35.1,63.1,28.6
Tyler Johnson,WR,33.7,44.3,4.3
Demarcus Robinson,WR,33.3,57.3,5.1
Luke McCaffrey,WR,28.7,58.5,23.4
A.T. Perry,WR,26.9,33.4,3.4
Skyy Moore,WR,26.6,33.6,3.6
Zay Jones,WR,25.7,53.5,17.9
Robert Woods,WR,25.0,45.6,22.9
Kalif Raymond,WR,24.7,48.6,17.0
KhaDarel Hodge,WR,23.6,37.4,19.6
Elijah Moore,WR,23.5,45.5,18.1
Jalen Royals,WR,22.8,61.5,6.2
Jalin Hyatt,WR,22.8,52.9,5.0
Kendrick Bourne,WR,22.6,73.0,4.7
Isaac TeSlaa,WR,22.3,56.8,5.8
Jahan Dotson,WR,20.8,39.9,13.9
Russell Gage Jr.,WR,20.6,27.0,7.0
Casey Washington,WR,19.6,29.0,6.1
Malachi Corley,WR,18.9,35.6,16.8
Jaylin Lane,WR,18.8,20.8,0.8
Michael Gallup,WR,18.7,41.8,5.4
Jake Bobo,WR,18.3,51.8,4.3
Arian Smith,WR,17.9,40.2,10.5
Jha'Quan Jackson,WR,17.7,69.8,0.2
Savion Williams,WR,17.5,30.1,15.9
Jamari Thrash,WR,17.1,40.4,0.0
Erik Ezukanma,WR,16.8,22.2,2.2
Xavier Restrepo,WR,16.7,26.7,6.7
Mack Hollins,WR,15.1,27.0,13.2
DeAndre Carter,WR,15.0,52.3,2.9
Chris Blair,WR,15.0,19.4,9.4
Xavier Hutchinson,WR,14.9,52.4,0.0
Olamide Zaccheaus,WR,14.9,29.0,13.6
Tylan Wallace,WR,14.2,31.1,3.4
Trey Palmer,WR,14.2,36.4,0.7
Simi Fehoko,WR,13.2,30.2,2.6
Tim Jones,WR,12.0,17.8,10.4
Sterling Shepard,WR,11.9,18.7,10.9
KeAndre Lambert-Smith,WR,11.4,30.1,2.8
Hunter Renfrow,WR,11.4,31.3,7.2
Cedrick Wilson Jr.,WR,10.9,35.8,2.3
Jamal Agnew,WR,10.8,19.9,7.7
Devontez Walker,WR,10.7,24.1,2.8
Bo Melton,WR,10.7,13.5,3.5
Ben Skowronek,WR,10.3,13.6,3.6
Irvin Charles,WR,9.8,12.7,2.7
Maurice Alexander,WR,9.6,12.4,2.4
Samori Toure,WR,9.4,12.3,2.3
David Moore,WR,9.0,25.2,2.4
Xavier Weaver,WR,9.0,11.6,1.6
Malik Heath,WR,8.9,27.0,3.4
Tommy Mellott,WR,8.9,9.6,0.5
Justin Watson,WR,7.7,15.2,4.4
Derius Davis,WR,7.5,16.2,0.8
Dante Pettis,WR,6.8,11.0,4.8
Tyquan Thornton,WR,6.4,11.2,2.6
Tez Johnson,WR,6.3,9.0,0.9
Kendric Pryor,WR,6.3,8.4,0.3
Trishton Jackson,WR,6.1,7.9,0.8
Jordan Watkins,WR,6.0,8.0,0.1
Jonathan Mingo,WR,5.9,8.6,0.3
John Metchie III,WR,5.5,12.8,4.2
Charlie Jones,WR,5.4,17.5,2.1
Jalen Brooks,WR,5.4,7.2,0.1
Bryce Oliver,WR,5.1,5.2,0.2
Dareke Young,WR,5.0,6.8,0.7
Cody White,WR,5.0,6.8,0.7
Austin Trammell,WR,5.0,5.5,0.4
Xavier Gipson,WR,4.9,20.7,4.1
Britain Covey,WR,4.8,4.8,0.8
Dee Eskridge,WR,4.7,14.3,0.5
Miles Boykin,WR,4.7,6.4,0.3
Lil'Jordan Humphrey,WR,4.4,8.5,0.4
Brycen Tremayne,WR,4.4,6.0,0.9
Ainias Smith,WR,4.3,5.8,0.8
Scotty Miller,WR,4.2,4.9,0.0
Tyler Scott,WR,4.0,12.1,0.2
Devin Duvernay,WR,3.9,13.1,0.5
Mecole Hardman Jr.,WR,3.8,14.8,0.0
Ryan Flournoy,WR,3.5,3.6,0.6
Nick Nash,WR,3.5,6.6,0.5
Mitchell Tinsley,WR,3.3,3.3,0.3
Anthony Gould,WR,2.8,5.4,2.5
Jacob Cowing,WR,2.8,4.7,1.7
Laviska Shenault Jr.,WR,2.7,2.7,0.7
Ashton Dulin,WR,2.7,4.8,2.5
Trent Sherfield Sr.,WR,2.6,4.2,0.9
Isaiah Williams,WR,2.6,8.2,0.0
Tank Dell,WR,2.4,4.4,0.4
Isaiah Neyor,WR,2.4,4.4,0.4
Steven Sims Jr.,WR,2.3,6.0,0.2
Zach Pascal,WR,2.3,6.1,0.0
Kevin Austin Jr.,WR,2.2,2.2,0.2
Braxton Berrios,WR,1.3,4.6,0.9
Chris Moore,WR,1.3,4.6,0.0
Nikko Remigio,WR,0.7,2.9,0.3
Ihmir Smith-Marsette,WR,0.5,6.9,-1.5
Xavier Smith,WR,0.4,2.7,0.1
