pick,window,pos,name,rel_baseline,survival,proj_pts,low,high,floor_rel_baseline,ceiling_rel_baseline
5,Pick 5,RB,De'Von Achane,0.8180254054251931,0.9346,215.2,175.0,267.8,0.6652158269024573,1.017970276825589
5,Pick 5,RB,Ashton Jeanty,0.7966833839733498,0.899,218.5,199.0,269.7,0.725583493870465,0.9833661723460523
5,Pick 5,RB,Jonathan Taylor,0.7920342643774939,0.9336,230.1,210.0,255.5,0.7228474381541665,0.8794643830875692
5,Pick 5,RB,D'Andre Swift,0.609913240839038,1.0,166.5,155.0,189.4,0.5677871010813867,0.6937992060955783
5,Pick 5,RB,David Montgomery,0.6023721492111139,1.0,166.7,153.0,181.6,0.5528670595638898,0.6562134510902117
5,Pick 24,RB,D'Andre Swift,0.609913240839038,1.0,166.5,155.0,189.4,0.5677871010813867,0.6937992060955783
5,Pick 24,RB,David Montgomery,0.6023721492111139,1.0,166.7,153.0,181.6,0.5528670595638898,0.6562134510902117
5,Pick 24,RB,Joe Mixon,0.5824578101548487,1.0,143.1,132.2,166.9,0.5380917016245352,0.6793305975880101
5,Pick 24,RB,Tony Pollard,0.5763444009225024,1.0,160.0,133.0,200.8,0.47908628326683006,0.7233122231577405
5,Pick 24,RB,TreVeyon Henderson,0.5667899110444046,0.9652,160.1,150.9,202.2,0.5342198474490985,0.7158333542359688
5,Pick 33,RB,D'Andre Swift,0.609913240839038,0.9726,166.5,155.0,189.4,0.5677871010813867,0.6937992060955783
5,Pick 33,RB,David Montgomery,0.6023721492111139,1.0,166.7,153.0,181.6,0.5528670595638898,0.6562134510902117
5,Pick 33,RB,Joe Mixon,0.5824578101548487,1.0,143.1,132.2,166.9,0.5380917016245352,0.6793305975880101
5,Pick 33,RB,Tony Pollard,0.5763444009225024,1.0,160.0,133.0,200.8,0.47908628326683006,0.7233122231577405
5,Pick 33,RB,TreVeyon Henderson,0.5667899110444046,0.8618,160.1,150.9,202.2,0.5342198474490985,0.7158333542359688
5,Pick 5,WR,Brian Thomas Jr.,0.8882063283116376,0.9172,182.7,162.9,274.3,0.791947514405943,1.3335248815319223
5,Pick 5,WR,Amon-Ra St. Brown,0.8845497537906489,0.8848,178.9,173.4,273.7,0.8573556585092148,1.3532770688233682
5,Pick 5,WR,A.J. Brown,0.843791136463361,0.9266,172.7,160.3,253.0,0.783206248842367,1.2361271425896372
5,Pick 5,WR,Drake London,0.8286772951099409,0.9312,171.5,159.7,268.6,0.7716604316563123,1.2978584342071728
5,Pick 5,WR,Davante Adams,0.7749987811418263,0.9644,159.1,141.6,232.0,0.6897537863587845,1.1301050736951836
5,Pick 24,WR,Davante Adams,0.7749987811418263,0.6618,159.1,141.6,232.0,0.6897537863587845,1.1301050736951836
5,Pick 24,WR,Garrett Wilson,0.7036224464921261,1.0,143.0,127.0,231.0,0.6248954594720281,1.1366208751026652
5,Pick 24,WR,Courtland Sutton,0.7032811662035006,1.0,144.4,132.0,215.3,0.6428886006846404,1.0485902706621446
5,Pick 24,WR,DJ Moore,0.6960655258154161,1.0,143.7,45.0,216.5,0.2179745905476251,1.048699974523574
5,Pick 24,WR,Calvin Ridley,0.6925064599483203,1.0,141.7,127.0,209.1,0.6206656345337803,1.0218990880394763
5,Pick 33,WR,Garrett Wilson,0.7036224464921261,0.9228,143.0,127.0,231.0,0.6248954594720281,1.1366208751026652
5,Pick 33,WR,Courtland Sutton,0.7032811662035006,0.98,144.4,132.0,215.3,0.6428886006846404,1.0485902706621446
5,Pick 33,WR,DJ Moore,0.6960655258154161,0.9796,143.7,45.0,216.5,0.2179745905476251,1.048699974523574
5,Pick 33,WR,Calvin Ridley,0.6925064599483203,0.959,141.7,127.0,209.1,0.6206656345337803,1.0218990880394763
5,Pick 33,WR,Jameson Williams,0.6921651796596947,0.982,143.2,135.0,208.0,0.6525300227238743,1.0053795905671543
5,Pick 5,QB,C.J. Stroud,0.7319601654331738,1.0,280.5,272.2,313.1,0.7103014510905878,0.8170293326100774
5,Pick 5,QB,Jordan Love,0.7241782760121898,1.0,278.2,258.9,313.0,0.6739387334994821,0.8147656376413207
5,Pick 5,QB,Trevor Lawrence,0.7107640400522421,1.0,275.5,271.4,316.5,0.7001864263890327,0.8165401766843363
5,Pick 5,QB,Drake Maye,0.7106552024379627,1.0,276.5,260.2,315.0,0.6687612429452364,0.8096071926508436
5,Pick 5,QB,Matthew Stafford,0.6954723552459731,1.0,262.0,241.7,292.5,0.6415865200876018,0.776433831715447
5,Pick 24,QB,C.J. Stroud,0.7319601654331738,1.0,280.5,272.2,313.1,0.7103014510905878,0.8170293326100774
5,Pick 24,QB,Jordan Love,0.7241782760121898,1.0,278.2,258.9,313.0,0.6739387334994821,0.8147656376413207
5,Pick 24,QB,Trevor Lawrence,0.7107640400522421,1.0,275.5,271.4,316.5,0.7001864263890327,0.8165401766843363
5,Pick 24,QB,Drake Maye,0.7106552024379627,1.0,276.5,260.2,315.0,0.6687612429452364,0.8096071926508436
5,Pick 24,QB,Matthew Stafford,0.6954723552459731,1.0,262.0,241.7,292.5,0.6415865200876018,0.776433831715447
5,Pick 33,QB,C.J. Stroud,0.7319601654331738,1.0,280.5,272.2,313.1,0.7103014510905878,0.8170293326100774
5,Pick 33,QB,Jordan Love,0.7241782760121898,1.0,278.2,258.9,313.0,0.6739387334994821,0.8147656376413207
5,Pick 33,QB,Trevor Lawrence,0.7107640400522421,1.0,275.5,271.4,316.5,0.7001864263890327,0.8165401766843363
5,Pick 33,QB,Drake Maye,0.7106552024379627,1.0,276.5,260.2,315.0,0.6687612429452364,0.8096071926508436
5,Pick 33,QB,Matthew Stafford,0.6954723552459731,1.0,262.0,241.7,292.5,0.6415865200876018,0.776433831715447
5,Pick 5,TE,Darren Waller,0.5253109243697479,1.0,73.3,72.4,117.5,0.51886099487544,0.8420741284235387
5,Pick 5,TE,Hunter Henry,0.5246386554621849,1.0,79.8,0.0,131.5,0.0,0.8645361302415703
5,Pick 5,TE,Isaiah Likely,0.5173109243697479,1.0,76.7,74.8,103.0,0.5044961817843173,0.6946939401575494
5,Pick 5,TE,Jonnu Smith,0.5152941176470589,1.0,73.3,70.3,129.3,0.4942043174705081,0.9089703876093415
5,Pick 5,TE,Colston Loveland,0.5150252100840336,1.0,77.4,63.0,146.8,0.41920656634746917,0.9768178403144203
5,Pick 24,TE,Darren Waller,0.5253109243697479,1.0,73.3,72.4,117.5,0.51886099487544,0.8420741284235387
5,Pick 24,TE,Hunter Henry,0.5246386554621849,1.0,79.8,0.0,131.5,0.0,0.8645361302415703
5,Pick 24,TE,Isaiah Likely,0.5173109243697479,1.0,76.7,74.8,103.0,0.5044961817843173,0.6946939401575494
5,Pick 24,TE,Jonnu Smith,0.5152941176470589,1.0,73.3,70.3,129.3,0.4942043174705081,0.9089703876093415
5,Pick 24,TE,Colston Loveland,0.5150252100840336,1.0,77.4,63.0,146.8,0.41920656634746917,0.9768178403144203
5,Pick 33,TE,Darren Waller,0.5253109243697479,1.0,73.3,72.4,117.5,0.51886099487544,0.8420741284235387
5,Pick 33,TE,Hunter Henry,0.5246386554621849,1.0,79.8,0.0,131.5,0.0,0.8645361302415703
5,Pick 33,TE,Isaiah Likely,0.5173109243697479,1.0,76.7,74.8,103.0,0.5044961817843173,0.6946939401575494
5,Pick 33,TE,Jonnu Smith,0.5152941176470589,1.0,73.3,70.3,129.3,0.4942043174705081,0.9089703876093415
5,Pick 33,TE,Colston Loveland,0.5150252100840336,1.0,77.4,63.0,146.8,0.41920656634746917,0.9768178403144203
24,Pick 24,RB,TreVeyon Henderson,0.7254709024458814,0.9652,160.1,150.9,202.2,0.6837823808812211,0.9162412022145985
24,Pick 24,RB,Brian Robinson Jr.,0.6819417111798332,1.0,90.1,14.7,121.6,0.11126019039227021,0.920356404877555
24,Pick 24,RB,Isiah Pacheco,0.6772092587386375,1.0,145.0,95.0,183.4,0.44368882469083143,0.8565529520873525
24,Pick 24,RB,RJ Harvey,0.6592165682691407,1.0,144.5,125.8,199.5,0.5739061888460754,0.9101294489252149
24,Pick 24,RB,Tyrone Tracy Jr.,0.6536407084621872,1.0,139.8,114.0,166.9,0.53301173651423,0.780347884423026
24,Pick 33,RB,TreVeyon Henderson,0.7254709024458814,0.8618,160.1,150.9,202.2,0.6837823808812211,0.9162412022145985
24,Pick 33,RB,Brian Robinson Jr.,0.6819417111798332,1.0,90.1,14.7,121.6,0.11126019039227021,0.920356404877555
24,Pick 33,RB,Isiah Pacheco,0.6772092587386375,1.0,145.0,95.0,183.4,0.44368882469083143,0.8565529520873525
24,Pick 33,RB,RJ Harvey,0.6592165682691407,1.0,144.5,125.8,199.5,0.5739061888460754,0.9101294489252149
24,Pick 33,RB,Tyrone Tracy Jr.,0.6536407084621872,1.0,139.8,114.0,166.9,0.53301173651423,0.780347884423026
24,Pick 52,RB,Brian Robinson Jr.,0.6819417111798332,1.0,90.1,14.7,121.6,0.11126019039227021,0.920356404877555
24,Pick 52,RB,Isiah Pacheco,0.6772092587386375,0.8846,145.0,95.0,183.4,0.44368882469083143,0.8565529520873525
24,Pick 52,RB,RJ Harvey,0.6592165682691407,0.9018,144.5,125.8,199.5,0.5739061888460754,0.9101294489252149
24,Pick 52,RB,Tyrone Tracy Jr.,0.6536407084621872,0.9728,139.8,114.0,166.9,0.53301173651423,0.780347884423026
24,Pick 52,RB,Jaylen Warren,0.6064098959797583,1.0,129.0,85.0,183.0,0.39957241207968563,0.8602558989480291
24,Pick 24,WR,Davante Adams,0.9458526716648816,0.6618,159.1,141.6,232.0,0.8418148228016796,1.3792446249293058
24,Pick 24,WR,DeVonta Smith,0.8192907295013685,1.0,137.6,134.7,211.0,0.8020237010453077,1.2563251738720114
24,Pick 24,WR,George Pickens,0.8175056527430679,1.0,138.7,132.0,213.9,0.7780154734108505,1.260738710322583
24,Pick 24,WR,Jerry Jeudy,0.7857312864453172,1.0,133.9,124.0,206.8,0.727637636439278,1.2135118001261507
24,Pick 24,WR,Deebo Samuel Sr.,0.7856717838867071,1.0,131.2,118.0,193.5,0.70662553733713,1.1587461141926665
24,Pick 33,WR,DeVonta Smith,0.8192907295013685,0.9798,137.6,134.7,211.0,0.8020237010453077,1.2563251738720114
24,Pick 33,WR,George Pickens,0.8175056527430679,0.9802,138.7,132.0,213.9,0.7780154734108505,1.260738710322583
24,Pick 33,WR,Jerry Jeudy,0.7857312864453172,0.987,133.9,124.0,206.8,0.727637636439278,1.2135118001261507
24,Pick 33,WR,Deebo Samuel Sr.,0.7856717838867071,1.0,131.2,118.0,193.5,0.70662553733713,1.1587461141926665
24,Pick 33,WR,Jakobi Meyers,0.7635963346423897,1.0,128.3,126.0,199.7,0.7499075461024248,1.1885439441004304
24,Pick 52,WR,DeVonta Smith,0.8192907295013685,0.7748,137.6,134.7,211.0,0.8020237010453077,1.2563251738720114
24,Pick 52,WR,George Pickens,0.8175056527430679,0.7906,138.7,132.0,213.9,0.7780154734108505,1.260738710322583
24,Pick 52,WR,Jerry Jeudy,0.7857312864453172,0.8324,133.9,124.0,206.8,0.727637636439278,1.2135118001261507
24,Pick 52,WR,Deebo Samuel Sr.,0.7856717838867071,0.9588,131.2,118.0,193.5,0.70662553733713,1.1587461141926665
24,Pick 52,WR,Jakobi Meyers,0.7635963346423897,0.9344,128.3,126.0,199.7,0.7499075461024248,1.1885439441004304
24,Pick 24,QB,C.J. Stroud,0.7319601654331738,1.0,280.5,272.2,313.1,0.7103014510905878,0.8170293326100774
24,Pick 24,QB,Jordan Love,0.7241782760121898,1.0,278.2,258.9,313.0,0.6739387334994821,0.8147656376413207
24,Pick 24,QB,Trevor Lawrence,0.7107640400522421,1.0,275.5,271.4,316.5,0.7001864263890327,0.8165401766843363
24,Pick 24,QB,Drake Maye,0.7106552024379627,1.0,276.5,260.2,315.0,0.6687612429452364,0.8096071926508436
24,Pick 24,QB,Matthew Stafford,0.6954723552459731,1.0,262.0,241.7,292.5,0.6415865200876018,0.776433831715447
24,Pick 33,QB,C.J. Stroud,0.7319601654331738,1.0,280.5,272.2,313.1,0.7103014510905878,0.8170293326100774
24,Pick 33,QB,Jordan Love,0.7241782760121898,1.0,278.2,258.9,313.0,0.6739387334994821,0.8147656376413207
24,Pick 33,QB,Trevor Lawrence,0.7107640400522421,1.0,275.5,271.4,316.5,0.7001864263890327,0.8165401766843363
24,Pick 33,QB,Drake Maye,0.7106552024379627,1.0,276.5,260.2,315.0,0.6687612429452364,0.8096071926508436
24,Pick 33,QB,Matthew Stafford,0.6954723552459731,1.0,262.0,241.7,292.5,0.6415865200876018,0.776433831715447
24,Pick 52,QB,C.J. Stroud,0.7319601654331738,1.0,280.5,272.2,313.1,0.7103014510905878,0.8170293326100774
24,Pick 52,QB,Jordan Love,0.7241782760121898,1.0,278.2,258.9,313.0,0.6739387334994821,0.8147656376413207
24,Pick 52,QB,Trevor Lawrence,0.7107640400522421,1.0,275.5,271.4,316.5,0.7001864263890327,0.8165401766843363
24,Pick 52,QB,Drake Maye,0.7106552024379627,1.0,276.5,260.2,315.0,0.6687612429452364,0.8096071926508436
24,Pick 52,QB,Matthew Stafford,0.6954723552459731,1.0,262.0,241.7,292.5,0.6415865200876018,0.776433831715447
24,Pick 24,TE,Darren Waller,0.5253109243697479,1.0,73.3,72.4,117.5,0.51886099487544,0.8420741284235387
24,Pick 24,TE,Hunter Henry,0.5246386554621849,1.0,79.8,0.0,131.5,0.0,0.8645361302415703
24,Pick 24,TE,Isaiah Likely,0.5173109243697479,1.0,76.7,74.8,103.0,0.5044961817843173,0.6946939401575494
24,Pick 24,TE,Jonnu Smith,0.5152941176470589,1.0,73.3,70.3,129.3,0.4942043174705081,0.9089703876093415
24,Pick 24,TE,Colston Loveland,0.5150252100840336,1.0,77.4,63.0,146.8,0.41920656634746917,0.9768178403144203
24,Pick 33,TE,Darren Waller,0.5253109243697479,1.0,73.3,72.4,117.5,0.51886099487544,0.8420741284235387
24,Pick 33,TE,Hunter Henry,0.5246386554621849,1.0,79.8,0.0,131.5,0.0,0.8645361302415703
24,Pick 33,TE,Isaiah Likely,0.5173109243697479,1.0,76.7,74.8,103.0,0.5044961817843173,0.6946939401575494
24,Pick 33,TE,Jonnu Smith,0.5152941176470589,1.0,73.3,70.3,129.3,0.4942043174705081,0.9089703876093415
24,Pick 33,TE,Colston Loveland,0.5150252100840336,1.0,77.4,63.0,146.8,0.41920656634746917,0.9768178403144203
24,Pick 52,TE,Darren Waller,0.5253109243697479,1.0,73.3,72.4,117.5,0.51886099487544,0.8420741284235387
24,Pick 52,TE,Hunter Henry,0.5246386554621849,1.0,79.8,0.0,131.5,0.0,0.8645361302415703
24,Pick 52,TE,Isaiah Likely,0.5173109243697479,1.0,76.7,74.8,103.0,0.5044961817843173,0.6946939401575494
24,Pick 52,TE,Jonnu Smith,0.5152941176470589,1.0,73.3,70.3,129.3,0.4942043174705081,0.9089703876093415
24,Pick 52,TE,Colston Loveland,0.5150252100840336,1.0,77.4,63.0,146.8,0.41920656634746917,0.9768178403144203
33,Pick 33,RB,Alvin Kamara,0.9057631605742796,0.8446,180.4,173.2,228.0,0.8696129679127783,1.1447561009475373
33,Pick 33,RB,Omarion Hampton,0.8924753080134407,0.7396,181.2,139.0,225.1,0.6846250983105313,1.1086986304295006
33,Pick 33,RB,Chuba Hubbard,0.8897770084512779,0.8166,182.2,159.0,212.8,0.7764793871775697,1.0392126640967727
33,Pick 33,RB,TreVeyon Henderson,0.7882598513389676,0.8618,160.1,150.9,202.2,0.742963220281388,0.9955411738959353
33,Pick 33,RB,J.K. Dobbins,0.6046736584869158,1.0,116.8,93.0,162.5,0.48146104656920524,0.8412625813709231
33,Pick 52,RB,J.K. Dobbins,0.6046736584869158,1.0,116.8,93.0,162.5,0.48146104656920524,0.8412625813709231
33,Pick 52,RB,Javonte Williams,0.5983097444252113,1.0,112.5,76.0,145.6,0.4041914717894761,0.7743457670072068
33,Pick 52,RB,Jordan Mason,0.5979533652377559,1.0,117.9,109.0,142.0,0.5528152401265088,0.7201813219996721
33,Pick 52,RB,Rhamondre Stevenson,0.5793707361775787,1.0,113.8,94.1,145.1,0.47907545056511563,0.7387231442826597
33,Pick 52,RB,Travis Etienne Jr.,0.5763669687404541,1.0,116.5,93.0,160.7,0.46010410380139255,0.7950401019449869
33,Pick 61,RB,J.K. Dobbins,0.6046736584869158,1.0,116.8,93.0,162.5,0.48146104656920524,0.8412625813709231
33,Pick 61,RB,Javonte Williams,0.5983097444252113,1.0,112.5,76.0,145.6,0.4041914717894761,0.7743457670072068
33,Pick 61,RB,Jordan Mason,0.5979533652377559,1.0,117.9,109.0,142.0,0.5528152401265088,0.7201813219996721
33,Pick 61,RB,Rhamondre Stevenson,0.5793707361775787,1.0,113.8,94.1,145.1,0.47907545056511563,0.7387231442826597
33,Pick 61,RB,Travis Etienne Jr.,0.5763669687404541,1.0,116.5,93.0,160.7,0.46010410380139255,0.7950401019449869
33,Pick 33,WR,Calvin Ridley,0.8622071142406215,0.959,141.7,127.0,209.1,0.7727614926503806,1.2723183315999573
33,Pick 33,WR,Jakobi Meyers,0.7789850673789002,1.0,128.3,126.0,199.7,0.7650204091172363,1.212496632545334
33,Pick 33,WR,Jaylen Waddle,0.7714580551171543,0.9856,126.6,109.0,207.3,0.664209541925512,1.2632168627629232
33,Pick 33,WR,Jauan Jennings,0.7642952531261381,1.0,121.8,108.0,174.5,0.6777002244468219,1.0949878626478744
33,Pick 33,WR,Jayden Reed,0.7548864877989558,1.0,118.0,109.6,169.3,0.7011488056166573,1.0830701896979935
33,Pick 52,WR,Calvin Ridley,0.8622071142406215,0.6866,141.7,127.0,209.1,0.7727614926503806,1.2723183315999573
33,Pick 52,WR,Jakobi Meyers,0.7789850673789002,0.9344,128.3,126.0,199.7,0.7650204091172363,1.212496632545334
33,Pick 52,WR,Jaylen Waddle,0.7714580551171543,0.7892,126.6,109.0,207.3,0.664209541925512,1.2632168627629232
33,Pick 52,WR,Jauan Jennings,0.7642952531261381,1.0,121.8,108.0,174.5,0.6777002244468219,1.0949878626478744
33,Pick 52,WR,Jayden Reed,0.7548864877989558,1.0,118.0,109.6,169.3,0.7011488056166573,1.0830701896979935
33,Pick 61,WR,Jakobi Meyers,0.7789850673789002,0.8592,128.3,126.0,199.7,0.7650204091172363,1.212496632545334
33,Pick 61,WR,Jaylen Waddle,0.7714580551171543,0.6456,126.6,109.0,207.3,0.664209541925512,1.2632168627629232
33,Pick 61,WR,Jauan Jennings,0.7642952531261381,1.0,121.8,108.0,174.5,0.6777002244468219,1.0949878626478744
33,Pick 61,WR,Jayden Reed,0.7548864877989558,1.0,118.0,109.6,169.3,0.7011488056166573,1.0830701896979935
33,Pick 61,WR,Matthew Golden,0.7426247420177249,0.837,124.3,110.0,197.3,0.6571900371838273,1.1787599485124467
33,Pick 33,QB,Jordan Love,0.7241782760121898,1.0,278.2,258.9,313.0,0.6739387334994821,0.8147656376413207
33,Pick 33,QB,Trevor Lawrence,0.7107640400522421,1.0,275.5,271.4,316.5,0.7001864263890327,0.8165401766843363
33,Pick 33,QB,Drake Maye,0.7106552024379627,1.0,276.5,260.2,315.0,0.6687612429452364,0.8096071926508436
33,Pick 33,QB,Matthew Stafford,0.6954723552459731,1.0,262.0,241.7,292.5,0.6415865200876018,0.776433831715447
33,Pick 33,QB,Tua Tagovailoa,0.6823846321288638,1.0,262.3,248.6,299.0,0.6467434980832464,0.7778612466890212
33,Pick 52,QB,Jordan Love,0.7241782760121898,1.0,278.2,258.9,313.0,0.6739387334994821,0.8147656376413207
33,Pick 52,QB,Trevor Lawrence,0.7107640400522421,1.0,275.5,271.4,316.5,0.7001864263890327,0.8165401766843363
33,Pick 52,QB,Drake Maye,0.7106552024379627,1.0,276.5,260.2,315.0,0.6687612429452364,0.8096071926508436
33,Pick 52,QB,Matthew Stafford,0.6954723552459731,1.0,262.0,241.7,292.5,0.6415865200876018,0.776433831715447
33,Pick 52,QB,Tua Tagovailoa,0.6823846321288638,1.0,262.3,248.6,299.0,0.6467434980832464,0.7778612466890212
33,Pick 61,QB,Jordan Love,0.7241782760121898,1.0,278.2,258.9,313.0,0.6739387334994821,0.8147656376413207
33,Pick 61,QB,Trevor Lawrence,0.7107640400522421,1.0,275.5,271.4,316.5,0.7001864263890327,0.8165401766843363
33,Pick 61,QB,Drake Maye,0.7106552024379627,1.0,276.5,260.2,315.0,0.6687612429452364,0.8096071926508436
33,Pick 61,QB,Matthew Stafford,0.6954723552459731,1.0,262.0,241.7,292.5,0.6415865200876018,0.776433831715447
33,Pick 61,QB,Tua Tagovailoa,0.6823846321288638,1.0,262.3,248.6,299.0,0.6467434980832464,0.7778612466890212
33,Pick 33,TE,Isaiah Likely,0.5209532191456232,1.0,76.7,74.8,103.0,0.5080482502228502,0.6995851573924274
33,Pick 33,TE,Jonnu Smith,0.5189222124433011,1.0,73.3,70.3,129.3,0.4976839227116517,0.9153702874340907
33,Pick 33,TE,Colston Loveland,0.5186514115496581,1.0,77.4,63.0,146.8,0.4221581256799542,0.9836954420605918
33,Pick 33,TE,Cade Otton,0.51607880306005,1.0,76.2,71.0,110.2,0.48086082699820937,0.7463501850028545
33,Pick 33,TE,Brenton Strange,0.49881524609031214,1.0,73.8,73.5,121.0,0.4967875418379125,0.8178407151345227
33,Pick 52,TE,Isaiah Likely,0.5209532191456232,1.0,76.7,74.8,103.0,0.5080482502228502,0.6995851573924274
33,Pick 52,TE,Jonnu Smith,0.5189222124433011,1.0,73.3,70.3,129.3,0.4976839227116517,0.9153702874340907
33,Pick 52,TE,Colston Loveland,0.5186514115496581,1.0,77.4,63.0,146.8,0.4221581256799542,0.9836954420605918
33,Pick 52,TE,Cade Otton,0.51607880306005,1.0,76.2,71.0,110.2,0.48086082699820937,0.7463501850028545
33,Pick 52,TE,Brenton Strange,0.49881524609031214,1.0,73.8,73.5,121.0,0.4967875418379125,0.8178407151345227
33,Pick 61,TE,Isaiah Likely,0.5209532191456232,1.0,76.7,74.8,103.0,0.5080482502228502,0.6995851573924274
33,Pick 61,TE,Jonnu Smith,0.5189222124433011,1.0,73.3,70.3,129.3,0.4976839227116517,0.9153702874340907
33,Pick 61,TE,Colston Loveland,0.5186514115496581,1.0,77.4,63.0,146.8,0.4221581256799542,0.9836954420605918
33,Pick 61,TE,Cade Otton,0.51607880306005,1.0,76.2,71.0,110.2,0.48086082699820937,0.7463501850028545
33,Pick 61,TE,Brenton Strange,0.49881524609031214,1.0,73.8,73.5,121.0,0.4967875418379125,0.8178407151345227
52,Pick 52,RB,Travis Etienne Jr.,0.6200569613320188,1.0,116.5,93.0,160.7,0.4949810935955172,0.8553060402236516
52,Pick 52,RB,Austin Ekeler,0.6111841384598532,1.0,117.7,92.0,172.8,0.47773101731781215,0.8973034760056299
52,Pick 52,RB,Zach Charbonnet,0.5963413298280206,1.0,109.6,87.0,146.6,0.4733731359036295,0.7976609393502538
52,Pick 52,RB,Quinshon Judkins,0.5941505093657574,1.0,126.4,100.0,141.8,0.4700557827260739,0.6665390999055728
52,Pick 52,RB,Najee Harris,0.5799101763610471,1.0,97.7,82.0,131.1,0.4867209259120355,0.7781599193544859
52,Pick 61,RB,Travis Etienne Jr.,0.6200569613320188,1.0,116.5,93.0,160.7,0.4949810935955172,0.8553060402236516
52,Pick 61,RB,Austin Ekeler,0.6111841384598532,1.0,117.7,92.0,172.8,0.47773101731781215,0.8973034760056299
52,Pick 61,RB,Zach Charbonnet,0.5963413298280206,1.0,109.6,87.0,146.6,0.4733731359036295,0.7976609393502538
52,Pick 61,RB,Quinshon Judkins,0.5941505093657574,0.9924,126.4,100.0,141.8,0.4700557827260739,0.6665390999055728
52,Pick 61,RB,Najee Harris,0.5799101763610471,1.0,97.7,82.0,131.1,0.4867209259120355,0.7781599193544859
52,Pick 80,RB,Travis Etienne Jr.,0.6200569613320188,0.9774,116.5,93.0,160.7,0.4949810935955172,0.8553060402236516
52,Pick 80,RB,Austin Ekeler,0.6111841384598532,0.957,117.7,92.0,172.8,0.47773101731781215,0.8973034760056299
52,Pick 80,RB,Zach Charbonnet,0.5963413298280206,1.0,109.6,87.0,146.6,0.4733731359036295,0.7976609393502538
52,Pick 80,RB,Quinshon Judkins,0.5941505093657574,0.8566,126.4,100.0,141.8,0.4700557827260739,0.6665390999055728
52,Pick 80,RB,Najee Harris,0.5799101763610471,1.0,97.7,82.0,131.1,0.4867209259120355,0.7781599193544859
52,Pick 52,WR,Calvin Ridley,0.9157372187479852,0.6866,141.7,127.0,209.1,0.8207383682497821,1.3513101795356648
52,Pick 52,WR,Jerry Jeudy,0.8513313132615563,0.8324,133.9,124.0,206.8,0.7883874745663404,1.3148268527445097
52,Pick 52,WR,Jaylen Waddle,0.8193540068338598,0.7892,126.6,109.0,207.3,0.7054469727084576,1.3416436462611308
52,Pick 52,WR,Tetairoa McMillan,0.7869254077751273,0.8316,129.3,112.0,217.0,0.681636857469561,1.3206714113472746
52,Pick 52,WR,Travis Hunter,0.7808651924440719,0.8518,121.5,107.5,195.7,0.6908889562776768,1.257739244125966
52,Pick 61,WR,Jerry Jeudy,0.8513313132615563,0.7366,133.9,124.0,206.8,0.7883874745663404,1.3148268527445097
52,Pick 61,WR,Jaylen Waddle,0.8193540068338598,0.6456,126.6,109.0,207.3,0.7054469727084576,1.3416436462611308
52,Pick 61,WR,Tetairoa McMillan,0.7869254077751273,0.7278,129.3,112.0,217.0,0.681636857469561,1.3206714113472746
52,Pick 61,WR,Travis Hunter,0.7808651924440719,0.7484,121.5,107.5,195.7,0.6908889562776768,1.257739244125966
52,Pick 61,WR,Rome Odunze,0.770034169299207,0.693,119.8,104.0,192.1,0.6684770751846204,1.2347542898362074
52,Pick 80,WR,Chris Godwin,0.7692605247888594,0.5714,111.4,109.0,132.2,0.7526875870914332,0.9128926514998851
52,Pick 80,WR,Ricky Pearsall,0.7628779575784926,0.8908,116.1,16.2,177.5,0.10644808710397573,1.1663293494417093
52,Pick 80,WR,Keon Coleman,0.7622977241957319,0.8826,118.5,108.0,156.5,0.6947523562290215,1.0067476273133507
52,Pick 80,WR,Chris Olave,0.7586229127715814,0.663,118.5,94.0,205.2,0.6017768253209169,1.3136660059133207
52,Pick 80,WR,Stefon Diggs,0.7513377602991426,0.8746,117.2,105.0,183.6,0.6731268330325083,1.1770103480454144
52,Pick 52,QB,Tua Tagovailoa,0.8142796844053378,1.0,262.3,248.6,299.0,0.7717496360776476,0.9282105437941136
52,Pick 52,QB,Bryce Young,0.8126887236598591,1.0,263.5,248.6,308.2,0.766734029228998,0.9505528069524425
52,Pick 52,QB,Michael Penix Jr.,0.8122016948602228,1.0,263.2,238.2,313.3,0.735054877339305,0.9668039171721422
52,Pick 52,QB,Geno Smith,0.8062274749180168,1.0,261.6,241.5,307.4,0.7442810978314259,0.9473789212148254
52,Pick 52,QB,Sam Darnold,0.7879151920516899,1.0,254.4,218.9,311.5,0.677966334670263,0.9647625091356187
52,Pick 61,QB,Tua Tagovailoa,0.8142796844053378,1.0,262.3,248.6,299.0,0.7717496360776476,0.9282105437941136
52,Pick 61,QB,Bryce Young,0.8126887236598591,1.0,263.5,248.6,308.2,0.766734029228998,0.9505528069524425
52,Pick 61,QB,Michael Penix Jr.,0.8122016948602228,1.0,263.2,238.2,313.3,0.735054877339305,0.9668039171721422
52,Pick 61,QB,Geno Smith,0.8062274749180168,1.0,261.6,241.5,307.4,0.7442810978314259,0.9473789212148254
52,Pick 61,QB,Sam Darnold,0.7879151920516899,1.0,254.4,218.9,311.5,0.677966334670263,0.9647625091356187
52,Pick 80,QB,Tua Tagovailoa,0.8142796844053378,1.0,262.3,248.6,299.0,0.7717496360776476,0.9282105437941136
52,Pick 80,QB,Bryce Young,0.8126887236598591,1.0,263.5,248.6,308.2,0.766734029228998,0.9505528069524425
52,Pick 80,QB,Michael Penix Jr.,0.8122016948602228,1.0,263.2,238.2,313.3,0.735054877339305,0.9668039171721422
52,Pick 80,QB,Geno Smith,0.8062274749180168,1.0,261.6,241.5,307.4,0.7442810978314259,0.9473789212148254
52,Pick 80,QB,Sam Darnold,0.7879151920516899,1.0,254.4,218.9,311.5,0.677966334670263,0.9647625091356187
52,Pick 52,TE,Jonnu Smith,0.653452685421995,1.0,73.3,70.3,129.3,0.6267083736039052,1.152679839359672
52,Pick 52,TE,Colston Loveland,0.6531116794543904,1.0,77.4,63.0,146.8,0.5316025297884572,1.2387182757610402
52,Pick 52,TE,Cade Otton,0.6498721227621483,1.0,76.2,71.0,110.2,0.6055238939122379,0.9398413113961778
52,Pick 52,TE,Brenton Strange,0.6281329923273659,1.0,73.8,73.5,121.0,0.6255796061796937,1.0298657462277951
52,Pick 52,TE,Mike Gesicki,0.6191815856777494,1.0,70.0,57.0,126.5,0.5041907197661674,1.1189495798319329
52,Pick 61,TE,Jonnu Smith,0.653452685421995,1.0,73.3,70.3,129.3,0.6267083736039052,1.152679839359672
52,Pick 61,TE,Colston Loveland,0.6531116794543904,1.0,77.4,63.0,146.8,0.5316025297884572,1.2387182757610402
52,Pick 61,TE,Cade Otton,0.6498721227621483,1.0,76.2,71.0,110.2,0.6055238939122379,0.9398413113961778
52,Pick 61,TE,Brenton Strange,0.6281329923273659,1.0,73.8,73.5,121.0,0.6255796061796937,1.0298657462277951
52,Pick 61,TE,Mike Gesicki,0.6191815856777494,1.0,70.0,57.0,126.5,0.5041907197661674,1.1189495798319329
52,Pick 80,TE,Jonnu Smith,0.653452685421995,1.0,73.3,70.3,129.3,0.6267083736039052,1.152679839359672
52,Pick 80,TE,Colston Loveland,0.6531116794543904,1.0,77.4,63.0,146.8,0.5316025297884572,1.2387182757610402
52,Pick 80,TE,Cade Otton,0.6498721227621483,1.0,76.2,71.0,110.2,0.6055238939122379,0.9398413113961778
52,Pick 80,TE,Brenton Strange,0.6281329923273659,1.0,73.8,73.5,121.0,0.6255796061796937,1.0298657462277951
52,Pick 80,TE,Mike Gesicki,0.6191815856777494,1.0,70.0,57.0,126.5,0.5041907197661674,1.1189495798319329
61,Pick 61,RB,Zach Charbonnet,0.6616833789121846,1.0,109.6,87.0,146.6,0.5252413682970809,0.8850618918661156
61,Pick 61,RB,Quinshon Judkins,0.6592525068368277,0.9924,126.4,100.0,141.8,0.5215605275607813,0.739572828081188
61,Pick 61,RB,Najee Harris,0.6434518383470069,1.0,97.7,82.0,131.1,0.5400516964631992,0.8634241147112856
61,Pick 61,RB,Tyjae Spears,0.6162868429048921,1.0,97.8,77.0,128.7,0.4852156125120316,0.8110032380558242
61,Pick 61,RB,Rachaad White,0.6158614402917046,1.0,97.8,92.0,116.6,0.5793379601926056,0.7342478930267153
61,Pick 80,RB,Zach Charbonnet,0.6616833789121846,1.0,109.6,87.0,146.6,0.5252413682970809,0.8850618918661156
61,Pick 80,RB,Quinshon Judkins,0.6592525068368277,0.8566,126.4,100.0,141.8,0.5215605275607813,0.739572828081188
61,Pick 80,RB,Najee Harris,0.6434518383470069,1.0,97.7,82.0,131.1,0.5400516964631992,0.8634241147112856
61,Pick 80,RB,Tyjae Spears,0.6162868429048921,0.9728,97.8,77.0,128.7,0.4852156125120316,0.8110032380558242
61,Pick 80,RB,Rachaad White,0.6158614402917046,1.0,97.8,92.0,116.6,0.5793379601926056,0.7342478930267153
61,Pick 89,RB,Zach Charbonnet,0.6616833789121846,0.9954,109.6,87.0,146.6,0.5252413682970809,0.8850618918661156
61,Pick 89,RB,Quinshon Judkins,0.6592525068368277,0.7658,126.4,100.0,141.8,0.5215605275607813,0.739572828081188
61,Pick 89,RB,Najee Harris,0.6434518383470069,1.0,97.7,82.0,131.1,0.5400516964631992,0.8634241147112856
61,Pick 89,RB,Tyjae Spears,0.6162868429048921,0.927,97.8,77.0,128.7,0.4852156125120316,0.8110032380558242
61,Pick 89,RB,Rachaad White,0.6158614402917046,0.9922,97.8,92.0,116.6,0.5793379601926056,0.7342478930267153
61,Pick 61,WR,Jerry Jeudy,0.9154246100519932,0.7366,133.9,124.0,206.8,0.8477419839167076,1.4138148570481865
61,Pick 61,WR,Jaylen Waddle,0.8810398613518198,0.6456,126.6,109.0,207.3,0.7585572265983284,1.4426505786590227
61,Pick 61,WR,Tetairoa McMillan,0.8461698440207972,0.7278,129.3,112.0,217.0,0.7329545439313943,1.4200994288670763
61,Pick 61,WR,Travis Hunter,0.8396533795493935,0.7484,121.5,107.5,195.7,0.7429031958976116,1.3524293529038378
61,Pick 61,WR,Rome Odunze,0.8280069324090121,0.693,119.8,104.0,192.1,0.718804014779109,1.3277139542217964
61,Pick 80,WR,Chris Godwin,0.8271750433275563,0.5714,111.4,109.0,132.2,0.8093543960745389,0.9816206528537066
61,Pick 80,WR,Chris Olave,0.8157365684575391,0.663,118.5,94.0,205.2,0.6470821724473305,1.4125666147467257
61,Pick 80,WR,Cooper Kupp,0.7898786828422877,0.617,112.4,105.0,163.4,0.7378759937583648,1.1482755940963505
61,Pick 80,WR,Darnell Mooney,0.766100519930676,0.9088,109.4,103.0,147.8,0.7212829392400331,1.035006004074533
61,Pick 80,WR,Khalil Shakir,0.7609012131715771,0.8934,110.0,99.0,172.6,0.6848110918544195,1.1939231763037657
61,Pick 89,WR,Darnell Mooney,0.766100519930676,0.8594,109.4,103.0,147.8,0.7212829392400331,1.035006004074533
61,Pick 89,WR,Khalil Shakir,0.7609012131715771,0.8322,110.0,99.0,172.6,0.6848110918544195,1.1939231763037657
61,Pick 89,WR,Michael Pittman Jr.,0.7461351819757366,0.8352,112.5,109.5,169.0,0.7262382437897169,1.1208608511457732
61,Pick 89,WR,Marvin Mims Jr.,0.7376083188908146,1.0,106.8,86.0,162.9,0.5939542642753751,1.1250598796564955
61,Pick 89,WR,Rashod Bateman,0.7072443674176776,1.0,101.8,90.3,141.9,0.6273493750276649,0.9858347321863306
61,Pick 61,QB,Tua Tagovailoa,0.8142796844053378,1.0,262.3,248.6,299.0,0.7717496360776476,0.9282105437941136
61,Pick 61,QB,Bryce Young,0.8126887236598591,1.0,263.5,248.6,308.2,0.766734029228998,0.9505528069524425
61,Pick 61,QB,Michael Penix Jr.,0.8122016948602228,1.0,263.2,238.2,313.3,0.735054877339305,0.9668039171721422
61,Pick 61,QB,Geno Smith,0.8062274749180168,1.0,261.6,241.5,307.4,0.7442810978314259,0.9473789212148254
61,Pick 61,QB,Sam Darnold,0.7879151920516899,1.0,254.4,218.9,311.5,0.677966334670263,0.9647625091356187
61,Pick 80,QB,Tua Tagovailoa,0.8142796844053378,1.0,262.3,248.6,299.0,0.7717496360776476,0.9282105437941136
61,Pick 80,QB,Bryce Young,0.8126887236598591,1.0,263.5,248.6,308.2,0.766734029228998,0.9505528069524425
61,Pick 80,QB,Michael Penix Jr.,0.8122016948602228,1.0,263.2,238.2,313.3,0.735054877339305,0.9668039171721422
61,Pick 80,QB,Geno Smith,0.8062274749180168,1.0,261.6,241.5,307.4,0.7442810978314259,0.9473789212148254
61,Pick 80,QB,Sam Darnold,0.7879151920516899,1.0,254.4,218.9,311.5,0.677966334670263,0.9647625091356187
61,Pick 89,QB,Tua Tagovailoa,0.8142796844053378,1.0,262.3,248.6,299.0,0.7717496360776476,0.9282105437941136
61,Pick 89,QB,Bryce Young,0.8126887236598591,1.0,263.5,248.6,308.2,0.766734029228998,0.9505528069524425
61,Pick 89,QB,Michael Penix Jr.,0.8122016948602228,1.0,263.2,238.2,313.3,0.735054877339305,0.9668039171721422
61,Pick 89,QB,Geno Smith,0.8062274749180168,1.0,261.6,241.5,307.4,0.7442810978314259,0.9473789212148254
61,Pick 89,QB,Sam Darnold,0.7879151920516899,1.0,254.4,218.9,311.5,0.677966334670263,0.9647625091356187
61,Pick 61,TE,Jonnu Smith,0.5152941176470589,1.0,73.3,70.3,129.3,0.4942043174705081,0.9089703876093415
61,Pick 61,TE,Colston Loveland,0.5150252100840336,1.0,77.4,63.0,146.8,0.41920656634746917,0.9768178403144203
61,Pick 61,TE,Cade Otton,0.5124705882352941,1.0,76.2,71.0,110.2,0.4774988420565076,0.7411320055581287
61,Pick 61,TE,Brenton Strange,0.495327731092437,1.0,73.8,73.5,121.0,0.4933142037302726,0.8121227027396325
61,Pick 61,TE,Mike Gesicki,0.48826890756302516,1.0,70.0,57.0,126.5,0.3975903961584633,0.8823716686674669
61,Pick 80,TE,Jonnu Smith,0.5152941176470589,1.0,73.3,70.3,129.3,0.4942043174705081,0.9089703876093415
61,Pick 80,TE,Colston Loveland,0.5150252100840336,1.0,77.4,63.0,146.8,0.41920656634746917,0.9768178403144203
61,Pick 80,TE,Cade Otton,0.5124705882352941,1.0,76.2,71.0,110.2,0.4774988420565076,0.7411320055581287
61,Pick 80,TE,Brenton Strange,0.495327731092437,1.0,73.8,73.5,121.0,0.4933142037302726,0.8121227027396325
61,Pick 80,TE,Mike Gesicki,0.48826890756302516,1.0,70.0,57.0,126.5,0.3975903961584633,0.8823716686674669
61,Pick 89,TE,Jonnu Smith,0.5152941176470589,1.0,73.3,70.3,129.3,0.4942043174705081,0.9089703876093415
61,Pick 89,TE,Colston Loveland,0.5150252100840336,0.9612,77.4,63.0,146.8,0.41920656634746917,0.9768178403144203
61,Pick 89,TE,Cade Otton,0.5124705882352941,1.0,76.2,71.0,110.2,0.4774988420565076,0.7411320055581287
61,Pick 89,TE,Brenton Strange,0.495327731092437,1.0,73.8,73.5,121.0,0.4933142037302726,0.8121227027396325
61,Pick 89,TE,Mike Gesicki,0.48826890756302516,1.0,70.0,57.0,126.5,0.3975903961584633,0.8823716686674669
80,Pick 80,RB,Rhamondre Stevenson,0.7152284582992897,0.8722,113.8,94.1,145.1,0.5914147445163722,0.9119477091320469
80,Pick 80,RB,Travis Etienne Jr.,0.7115203318458927,0.9774,116.5,93.0,160.7,0.5679947713447898,0.9814705350011583
80,Pick 80,RB,Austin Ekeler,0.7013386964992772,0.957,117.7,92.0,172.8,0.5482001705856712,1.0296629291000434
80,Pick 80,RB,Zach Charbonnet,0.6843064546540129,1.0,109.6,87.0,146.6,0.5431994667417803,0.9153223198200574
80,Pick 80,RB,Quinshon Judkins,0.6817924706178116,0.8566,126.4,100.0,141.8,0.5393927773875091,0.764858958335488
80,Pick 89,RB,Rhamondre Stevenson,0.7152284582992897,0.7972,113.8,94.1,145.1,0.5914147445163722,0.9119477091320469
80,Pick 89,RB,Travis Etienne Jr.,0.7115203318458927,0.9362,116.5,93.0,160.7,0.5679947713447898,0.9814705350011583
80,Pick 89,RB,Austin Ekeler,0.7013386964992772,0.9174,117.7,92.0,172.8,0.5482001705856712,1.0296629291000434
80,Pick 89,RB,Zach Charbonnet,0.6843064546540129,0.9954,109.6,87.0,146.6,0.5431994667417803,0.9153223198200574
80,Pick 89,RB,Quinshon Judkins,0.6817924706178116,0.7658,126.4,100.0,141.8,0.5393927773875091,0.764858958335488
80,Pick 80,WR,Chris Godwin,0.5817366291258348,0.5714,111.4,109.0,132.2,0.5692037035432315,0.6903553175083963
80,Pick 80,WR,Chris Olave,0.5736921651796597,0.663,118.5,94.0,205.2,0.45508070486825325,0.9934314961592081
80,Pick 80,WR,Cooper Kupp,0.555506801228609,0.617,112.4,105.0,163.4,0.5189342894039496,0.8075605989390987
80,Pick 80,WR,Darnell Mooney,0.5387840670859538,0.9088,109.4,103.0,147.8,0.507264706671419,0.7279002295731625
80,Pick 80,WR,Khalil Shakir,0.5351274925649652,0.8934,110.0,99.0,172.6,0.4816147433084687,0.8396636837882999
80,Pick 89,WR,Darnell Mooney,0.5387840670859538,0.8594,109.4,103.0,147.8,0.507264706671419,0.7279002295731625
80,Pick 89,WR,Khalil Shakir,0.5351274925649652,0.8322,110.0,99.0,172.6,0.4816147433084687,0.8396636837882999
80,Pick 89,WR,Michael Pittman Jr.,0.5247428209253571,0.8352,112.5,109.5,169.0,0.5107496790340141,0.7882803265456475
80,Pick 89,WR,Marvin Mims Jr.,0.5187460387109356,1.0,106.8,86.0,162.9,0.41771684765112793,0.79123342421359
80,Pick 89,WR,Rashod Bateman,0.4973916435083613,1.0,101.8,90.3,141.9,0.4412030000864934,0.6933190001359182
80,Pick 80,QB,Jordan Love,0.8641514334881002,0.9916,278.2,258.9,313.0,0.8042013160678259,0.9722480182666261
80,Pick 80,QB,Trevor Lawrence,0.8481444202733855,1.0,275.5,271.4,316.5,0.8355223073037996,0.9743655499692432
80,Pick 80,QB,Drake Maye,0.8480145459268158,0.9858,276.5,260.2,315.0,0.7980230916823055,0.9660925206761193
80,Pick 80,QB,Matthew Stafford,0.8298970745803435,1.0,262.0,241.7,292.5,0.7655958890307978,0.9265072302089712
80,Pick 80,QB,Tua Tagovailoa,0.8142796844053378,1.0,262.3,248.6,299.0,0.7717496360776476,0.9282105437941136
80,Pick 89,QB,Jordan Love,0.8641514334881002,0.9558,278.2,258.9,313.0,0.8042013160678259,0.9722480182666261
80,Pick 89,QB,Trevor Lawrence,0.8481444202733855,1.0,275.5,271.4,316.5,0.8355223073037996,0.9743655499692432
80,Pick 89,QB,Drake Maye,0.8480145459268158,0.9488,276.5,260.2,315.0,0.7980230916823055,0.9660925206761193
80,Pick 89,QB,Matthew Stafford,0.8298970745803435,1.0,262.0,241.7,292.5,0.7655958890307978,0.9265072302089712
80,Pick 89,QB,Tua Tagovailoa,0.8142796844053378,1.0,262.3,248.6,299.0,0.7717496360776476,0.9282105437941136
80,Pick 80,TE,Darren Waller,0.5253109243697479,1.0,73.3,72.4,117.5,0.51886099487544,0.8420741284235387
80,Pick 80,TE,Hunter Henry,0.5246386554621849,1.0,79.8,0.0,131.5,0.0,0.8645361302415703
80,Pick 80,TE,Isaiah Likely,0.5173109243697479,1.0,76.7,74.8,103.0,0.5044961817843173,0.6946939401575494
80,Pick 80,TE,Jonnu Smith,0.5152941176470589,1.0,73.3,70.3,129.3,0.4942043174705081,0.9089703876093415
80,Pick 80,TE,Colston Loveland,0.5150252100840336,1.0,77.4,63.0,146.8,0.41920656634746917,0.9768178403144203
80,Pick 89,TE,Darren Waller,0.5253109243697479,1.0,73.3,72.4,117.5,0.51886099487544,0.8420741284235387
80,Pick 89,TE,Hunter Henry,0.5246386554621849,1.0,79.8,0.0,131.5,0.0,0.8645361302415703
80,Pick 89,TE,Isaiah Likely,0.5173109243697479,1.0,76.7,74.8,103.0,0.5044961817843173,0.6946939401575494
80,Pick 89,TE,Jonnu Smith,0.5152941176470589,1.0,73.3,70.3,129.3,0.4942043174705081,0.9089703876093415
80,Pick 89,TE,Colston Loveland,0.5150252100840336,0.9612,77.4,63.0,146.8,0.41920656634746917,0.9768178403144203
89,Pick 89,RB,J.K. Dobbins,0.45816456428654084,0.795,116.8,93.0,162.5,0.3648056890295231,0.637429295347285
89,Pick 89,RB,Javonte Williams,0.45334259152104306,0.806,112.5,76.0,145.6,0.3062581062719935,0.5867260562263454
89,Pick 89,RB,Jordan Mason,0.4530725610461752,0.9266,117.9,109.0,142.0,0.4188711548264045,0.5456853576637564
89,Pick 89,RB,Rhamondre Stevenson,0.43899240057092154,0.7972,113.8,94.1,145.1,0.3629981097866759,0.5597345986189869
89,Pick 89,RB,Travis Etienne Jr.,0.43671642942560657,0.9362,116.5,93.0,160.7,0.34862341576464734,0.6024062678857938
89,Pick 89,WR,Stefon Diggs,0.5681829262347033,0.7988,117.2,105.0,183.6,0.5090376045618076,0.8900886114052178
89,Pick 89,WR,Rashid Shaheed,0.5531178392082297,0.8816,117.7,102.0,173.4,0.47933746473440464,0.8148736900484879
89,Pick 89,WR,Jordan Addison,0.5476086002632733,0.5076,115.9,114.0,177.7,0.5386314100950229,0.8396035225779435
89,Pick 89,WR,Darnell Mooney,0.5387840670859538,0.8594,109.4,103.0,147.8,0.507264706671419,0.7279002295731625
89,Pick 89,WR,Khalil Shakir,0.5351274925649652,0.8322,110.0,99.0,172.6,0.4816147433084687,0.8396636837882999
89,Pick 89,QB,Dak Prescott,0.907074905029384,0.8496,291.7,275.1,344.0,0.8554552841055316,1.0697078070967025
89,Pick 89,QB,Jared Goff,0.9070099678560992,0.9564,286.5,260.5,337.3,0.824698417544551,1.067834073849432
89,Pick 89,QB,J.J. McCarthy,0.899639598688269,0.9646,292.6,281.6,332.4,0.8658185611435972,1.0220102618044449
89,Pick 89,QB,Caleb Williams,0.8990226955420629,0.8332,288.3,280.4,339.0,0.874387665036401,1.0571234609391582
89,Pick 89,QB,C.J. Stroud,0.8734374492678333,1.0,280.5,272.2,313.1,0.8475924195747031,0.9749492526408507
89,Pick 89,TE,Dallas Goedert,0.5764033613445377,0.982,85.8,82.7,143.3,0.5555775988717164,0.9626876652759004
89,Pick 89,TE,Zach Ertz,0.5670588235294117,1.0,83.8,83.1,123.9,0.5623220553137722,0.8384079741681876
89,Pick 89,TE,Evan Engram,0.5621512605042017,0.9014,83.5,80.0,154.0,0.5385880340160016,1.036781965480803
89,Pick 89,TE,Dalton Kincaid,0.5601344537815126,0.987,83.7,71.0,143.0,0.4751439213678303,0.9569800106422497
89,Pick 89,TE,Jake Ferguson,0.5554285714285715,1.0,82.7,73.0,145.2,0.4902815684919676,0.9751901882881326
